Title,Artist
"""¿Dónde Está Santa Claus? (Where Is Santa Claus?)""",Augie Rios
"""You're All I Want for Christmas"" (2)",Brook Benton
"""You're All I Want for Christmas"" (1)",Frankie Laine
"""You're a Mean One, Mr. Grinch""",Thurl Ravenscroft
"""You're a Mean One, Mr. Grinch""",Whirling Dervishes
"""You Make It Feel Like Christmas"" (2)",Gwen Stefani featuring Blake Shelton
"""You Make It Feel Like Christmas"" (1)",Neil Diamond
"""Yingle Bells""",Yogi Yorgesson
"""Yes, Patricia, There Is a Santa Claus""",Jimmy Dean
"""Wrapped in Red""",Kelly Clarkson
"""Wonderful Christmastime""",Paul McCartney
"""Wizards in Winter""",Trans-Siberian Orchestra
"""Wistful Willie""",Jimmie Rodgers
"""Winter""",Spike Jones and his City Slickers
"""Winter World of Love""",Engelbert Humperdinck
"""Winter Wonderland""",Guy Lombardo and His Royal Canadians
"""Winter Weather""",Benny Goodman
"""Will Santy Come to Shanty Town""","Eddy Arnold, the Tennessee Plowboy and his Guitar"
"""Why Couldn't It Be Christmas Every Day?""",Bianca Ryan
"""Who Took the Merry Out of Christmas""",The Staple Singers
"""White Is in the Winter Night""",Enya
"""White Christmas""",Bing Crosby
"""Where Are You Christmas?""",Faith Hill
"""When Winter Comes""",Artie Shaw & his Orchestra
"""When a Child Is Born""",Michael Holm
"""Whatever Happened to Christmas?""",Frank Sinatra
"""What Will the New Year Bring?""",Donna Fargo
"""What Will Santa Claus Say (When He Finds Everybody Swingin'?)""",Louis Prima and his New Orleans Gang
"""What Does Christmas Mean?""",Louis York featuring The Shindellas
"""What Christmas Means to Me""",Stevie Wonder
"""What Child Is This?""",Mark Chesnutt
"""What Can You Get a Wookiee for Christmas (When He Already Owns a Comb?)""",The Star Wars Intergalactic Droid Choir & Chorale
"""What Are You Doing New Year's Eve?""",The Orioles
"""Welcome Christmas""",The Who Village Choir
"""We Wish You a Merry Christmas""",Kenny G
"""We Three Kings (Star of Wonder)""",BlackHawk
"""We Need a Little Christmas""","Percy Faith, His Orchestra & Chorus"
"""We Need a Little Christmas""",Kimberley Locke
"""We Need a Little Christmas""",Glee Cast
"""Warm & Fuzzy""",Billy Gilman
"""Up on the House Top""",Kimberley Locke
"""Underneath the Tree""",Kelly Clarkson
"""Twistin' Bells""",Santo & Johnny
"""Twinkle Twinkle Little Me""",The Supremes
"""Trains and Winter Rains""",Enya
"""Toyland""",Doris Day
"""Time Passages""",Al Stewart
"""This Time of the Year""",Brook Benton
"""This One's for the Children""",New Kids on the Block
"""This Is Your Gift""",John Tesh
"""This Gift""",98°
"""This Christmas"" (2)",Matthew and Gunnar Nelson featuring Alyssa Bonagura
"""This Christmas"" (1)",Donny Hathaway
"""This Christmas"" (1)","Richard Kincaid featuring Cuba Gooding, Sr."
"""This Christmas"" (1)",Seal
"""This Christmas"" (1)",Train
"""Thirty-Two Feet – Eight Little Tails""",Gene Autry
"""There Won't Be Any Snow (Christmas in the Jungle)""",Derrik Roberts
"""There Is No Christmas Like a Home Christmas""",Perry Como
"""The Working Elf Blues""",Daron Norwood
"""The White World of Winter""",Bing Crosby
"""The Twelve Gifts of Christmas""",Allan Sherman
"""The Twelve Days of Christmas""",Mitch Miller and the Gang
"""The Star""",Mariah Carey
"""The Sound of Christmas""",Ramsey Lewis Trio
"""The Secret of Christmas""",Bing Crosby
"""The Santa Claus Boogie""",The Tractors
"""The Real Meaning of Christmas""",Ray Conniff and The Singers
"""The Old Man's Back in Town""",Garth Brooks
"""The Nutcracker Suite""",Arthur Fiedler and the Boston Pops
"""The Night was Anything but Silent""",Shiloh
"""The Night Santa Went Crazy""","""Weird Al"" Yankovic"
"""The Night Before Christmas"" (2)",Carly Simon
"""The Night Before Christmas"" (1)",Milton Cross
"""The Night Before Christmas Song""",Rosemary Clooney & Gene Autry
"""The More You Give (The More You'll Have)""",Michael Bublé
"""The Mistletoe and Me""",Isaac Hayes
"""The Marvelous Toy""",Chad Mitchell Trio
"""The Man with All the Toys""",The Beach Boys
"""The Little Drummer Boy (Carol of the Drum)""",Harry Simeone Chorale
"""The Little Boy that Santa Claus Forgot""",Vera Lynn
"""The Kid""",Clint Black
"""The Kid in Me""",Craig Morgan
"""The Holly and the Ivy""",Petula Clark
"""The Heart of Christmas""",Matthew West
"""The Happy Reindeer""",Russ Regan
"""The Happy Elf""","Harry Connick, Jr."
"""The Greatest Gift of All""",Kenny Rogers and Dolly Parton
"""The Gift""",Jim Brickman
"""The Gift of Giving""",Bill Withers
"""The First Noel""",Clay Aiken
"""The First Christmas""",Danny Thomas
"""The Christmas Waltz""","Harry Connick, Jr."
"""The Christmas Tree Angel (Sweet Angie)""",Fran Allison
"""The Christmas Song""",Angel
"""The Christmas Song (Merry Christmas to You)""",The King Cole Trio
"""The Christmas Song (Merry Christmas to You)""",Nat King Cole
"""The Christmas Song (Merry Christmas to You)""",Nat King Cole
"""The Christmas Song (Merry Christmas to You)""",Les Brown and His Orchestra
"""The Christmas Song (Merry Christmas to You)""",James Brown & The Famous Flames
"""The Christmas Song (Merry Christmas to You)""",Herb Alpert
"""The Christmas Song (Merry Christmas to You)""",Natalie Cole
"""The Christmas Song (Merry Christmas to You)""",Toni Braxton
"""The Christmas Song (Merry Christmas to You)""",Reba McEntire
"""The Christmas Song (Merry Christmas to You)""",Trace Adkins
"""The Christmas Song (Merry Christmas to You)""",Martina McBride
"""The Christmas Song (Merry Christmas to You)""",Christina Aguilera
"""The Christmas Song (Merry Christmas to You)""",Michael Bublé
"""The Christmas Shoes""",NewSong
"""The Christmas Blues""",Dean Martin
"""The Chipmunk Song (Christmas Don't Be Late)""",The Chipmunks
"""The Blessings""",Alabama
"""The Bells of St. Mary's""",Bing Crosby
"""The Bell That Couldn't Jingle""",Bobby Vinton
"""That's What I Want for Christmas""",Nancy Wilson
"""That's Christmas to Me""",Pentatonix
"""That Holiday Feeling""",Steve and Eydie
"""Thanks for Christmas""",XTC
"""Thank God It's Christmas""",Queen
"""Thank God for Kids""",Oak Ridge Boys
"""Tennessee Christmas""",Amy Grant
"""Take Me Home for Christmas""",Dan + Shay
"""Take Me Back to Toyland""",Nat King Cole
"""Sweet Little Baby Boy""",James Brown
"""Suzy Snowflake""",Rosemary Clooney
"""Step Into Christmas""",Elton John
"""Song for a Winter's Night""",Sarah McLachlan
"""Someone Is Missing At Christmas""",Anne Cochran
"""Someday at Christmas""",Stevie Wonder
"""Someday at Christmas""",Stevie Wonder and Andra Day
"""SnowTime""",James Taylor
"""Snowflakes of Love""",Toni Braxton
"""Snowfall""",Claude Thornhill and His Orchestra
"""Snowbound for Christmas""",The DeCastro Sisters
"""Snow""",Claudine Longet
"""Snow Flake""",Jim Reeves
"""Snoopy's Christmas""",The Royal Guardsmen
"""Slipping Into Christmas""",Leon Russell
"""Sleigh Ride""",Arthur Fiedler and the Boston Pops
"""Sleigh Ride""",The Ronettes
"""Sleigh Ride""",Dolly Parton
"""Sleigh Ride""",TLC
"""Sleigh Ride""",Lorrie Morgan
"""Sleigh Ride""",Garth Brooks
"""Six Tons of Toys""",Paul Brandt
"""Silver Bells""",Bing Crosby & Carole Richards
"""Silver and Gold""",Burl Ives
"""Silent Night""",Bing Crosby
"""Shake Up Christmas""",Train
"""Shake Hands with Santa Claus""",Louis Prima & His Orchestra
"""Sending You a Little Christmas""",Jim Brickman featuring Kristy Starling
"""Season of Love""",98 Degrees
"""Save the Best for Last (Christmas version)""",Vanessa L. Williams
"""Santa, I'm Right Here""",Toby Keith
"""Santa's Got a Semi""",Keith Harling
"""Santa's Gonna Come in a Pickup Truck""",Redneck Carollers
"""Santa's Coming for Us""",Sia
"""Santa's a Fat Bitch""",Insane Clown Posse
"""Santa Tell Me""",Ariana Grande
"""Santa Looked a Lot Like Daddy""",Buck Owens
"""Santa Got Lost In Texas""",Jeff Carson
"""Santa Claus Lane""",Hilary Duff
"""Santa Claus Is Watching You""",Ray Stevens
"""Santa Claus Is Definitely Here to Stay""",James Brown
"""Santa Claus Is Comin' to Town""",George Hall and the Hotel Taft Orchestra
"""Santa Claus Is Comin' (In a Boogie Woogie Choo Choo Train)""",The Tractors
"""Santa Claus Is Back in Town""",Elvis Presley
"""Santa Claus Got Stuck in My Chimney""",Ella Fitzgerald
"""Santa Claus Go Straight to the Ghetto""",James Brown
"""Santa Claus and His Old Lady""",Cheech & Chong
"""Santa Bring My Baby Back (To Me)""",Elvis Presley
"""Santa Baby""",Eartha Kitt with Henri Rene & His Orchestra
"""Santa Baby (Gimme, Gimme, Gimme)""",Willa Ford
"""Same Old Lang Syne""",Dan Fogelberg
"""Run Rudolph Run""",Chuck Berry
"""Run Rudolph Run""",Luke Bryan
"""Rudolph, the Red-Nosed Reindeer""",Gene Autry & the Pinafores
"""Rockin' Little Christmas""",Carlene Carter
"""Rockin' Around the Christmas Tree""",Brenda Lee
"""Rockin' Around the Christmas Tree""",Alabama
"""Rockin' Around the Christmas Tree""",LeAnn Rimes
"""Rockin' Around the Christmas Tree""",MercyMe
"""Rock and Roll Christmas""",George Thorogood & the Destroyers
"""River""",Barry Manilow
"""Ring Those Christmas Bells""",Peggy Lee
"""Ring Out, Solstice Bells""",Jethro Tull
"""Remember Bethlehem""",Dee Mullins
"""Reindeer Boogie""",Trisha Yearwood
"""Redneck 12 Days of Christmas""",Jeff Foxworthy
"""Put Christ Back Into Christmas""",Red Foley with The Anita Kerr Singers
"""Put a Little Holiday in Your Heart""",LeAnn Rimes
"""Pretty Paper""",Roy Orbison
"""Presents for Christmas""",Solomon Burke
"""Po' Folks' Christmas""",Bill Anderson and The Po' Boys
"""Please, Daddy (Don't Get Drunk This Christmas)""",John Denver
"""Please Uncle Sam (Send Back My Man)""",The Charmels
"""Please Come Home for Christmas""",Charles Brown
"""Please Come Home for Christmas""",The Uniques
"""Please Come Home for Christmas""",Eagles
"""Please Come Home for Christmas""",Gary Allan
"""Please Come Home for Christmas""",Lee Roy Parnell
"""Please Come Home for Christmas""",Willie Nelson
"""Please Come Home for Christmas""",Josh Gracin
"""Please Come Home for Christmas""",Martina McBride
"""Please Come Home for Christmas""",Kelly Clarkson
"""Pick Out a Christmas Tree""",Dan + Shay
"""Peace on Earth/Little Drummer Boy""",David Bowie & Bing Crosby
"""Parade of the Wooden Soldiers""",Vincent Lopez Orchestra
"""Paper Angels""",Jimmy Wayne
"""Oíche Chiún (Silent Night)""",Enya
"""Our Winter Love""",Bill Pursell
"""One Wish (for Christmas)""",Whitney Houston
"""Old Toy Trains""",Roger Miller
"""Old Time Christmas""",George Strait
"""Oi to the World""",The Vandals
"""Oh Santa!""",Mariah Carey
"""Oh Santa!""",Mariah Carey Featuring Ariana Grande & Jennifer Hudson
"""O Tannenbaum""",Vince Guaraldi Trio
"""O Little Town Of Bethlehem""",Jo Stafford
"""O Holy Night""",John Berry
"""O Come All Ye Faithful""",Twisted Sister
"""O Bambino (One Cold and Blessed Winter)""",Harry Simeone Chorale
"""Nuttin' for Christmas""","Art Mooney and His Orchestra
Vocal by Barry Gordon"
"""Nina-Non""",Joni James
"""New Year's Eve 1999""",Alabama with Gretchen Peters
"""Natividad (Nativity)""",Harvie June Van
"""My Only Wish (This Year)""",Britney Spears
"""My Mom and Santa Claus""",George Jones
"""My Favorite Things""",Herb Alpert & the Tijuana Brass
"""My Christmas Card to You""",The Partridge Family
"""My Boyfriend's Coming Home for Christmas""",Toni Wine
"""Must Be Santa""",Lorne Greene with the Jimmy Joyce Children's Choir
"""Mr. Hankey the Christmas Poo""",South Park
"""Monsters' Holiday""",Bobby (Boris) Pickett and the Crypt-Kickers
"""Mistletoe"" (2)",Justin Bieber
"""Mistletoe"" (1)",Colbie Caillat
"""Mistletoe and Holly""",Frank Sinatra
"""Merry Twistmas""",The Marcels
"""Merry Merry Merry Frickin' Christmas""",Frickin' A
"""Merry Merry Christmas Baby""",Dodie Stevens
"""Merry Christmas, Happy Holidays""",'N Sync
"""Merry Christmas, Baby""",Johnny Moore's Three Blazers
"""Merry Christmas"" (2)",Ed Sheeran & Elton John
"""Merry Christmas"" (1)",Judy Garland
"""Merry Christmas Strait to You""",George Strait
"""Merry Christmas in the NFL""",Buckner & Garcia
"""Merry Christmas from the Family""",Robert Earl Keen
"""Merry Christmas Everybody""",Train
"""Merry Christmas Darling""",The Carpenters
"""Merry Christmas (I Don't Want to Fight Tonight)""",The Ramones
"""Mele Kalikimaka (Merry Christmas)""",Bing Crosby with The Andrews Sisters
"""Mele Kalikimaka (Merry Christmas)""",Jimmy Buffett
"""May You Always""",Harry Harrison
"""May Christmas Bring You Happiness""",Luther
"""Mary, Did You Know""",Kenny Rogers with Wynonna
"""Mary's Boy Child""",Harry Belafonte
"""Marshmallow World""",Bing Crosby
"""Macarena Christmas""",Los del Río
"""Love on Layaway""",Gloria Estefan
"""Love Is""",Leza Miller
"""Love For Christmas""",Felix Gross and his Orchestra
"""Lonesome Christmas""",Lowell Fulson
"""Little Sandy Sleighfoot""",Jimmy Dean
"""Little Saint Nick""",The Beach Boys
"""Little Becky's Christmas Wish""",Becky Lamb
"""Little Altar Boy""",Vic Dana
"""Like It's Christmas""",Jonas Brothers
"""Light of the Stable""",Emmylou Harris
"""Li'l Elfy""",Ray Bolger
"""Let's Start the New Year Right""",Bing Crosby
"""Let's Make Christmas Merry, Baby""",Amos Milburn and his Aladdin Chicken-Shackers
"""Let's Make Christmas Mean Something This Year""",James Brown
"""Let's Make a Baby King""",Wynonna Judd
"""Let's Light the Christmas Tree""",Ruby Wright
"""Let the Season Take Wing""",Amy Grant
"""Let It Snow""",Boyz II Men
"""Let It Snow! Let It Snow! Let It Snow!""",Vaughn Monroe and His Orchestra
"""Let It Snow! Let It Snow! Let It Snow!""",Connee Boswell and Russ Morgan and His Orchestra
"""Let It Snow! Let It Snow! Let It Snow!""",Bob Crosby and Orchestra
"""Let It Snow! Let It Snow! Let It Snow!""",Woody Herman and His Orchestra
"""Let It Snow! Let It Snow! Let It Snow!""",Frank Sinatra with The B. Swanson Quartet
"""Let It Snow! Let It Snow! Let It Snow!""",Dean Martin
"""Let It Snow! Let It Snow! Let It Snow!""",Ricochet
"""Let It Snow! Let It Snow! Let It Snow!""",Martina McBride
"""Let It Snow! Let It Snow! Let It Snow!""",George Strait
"""Let It Snow! Let It Snow! Let It Snow!""",Carly Simon
"""Let It Snow! Let It Snow! Let It Snow!""",Mannheim Steamroller
"""Let It Snow! Let It Snow! Let It Snow!""",Rod Stewart
"""Let It Snow! Let It Snow! Let It Snow!""",India Arie & Joe Sample
"""Let It Snow! Let It Snow! Let It Snow!""",Pentatonix
"""Let It Snow! Let It Snow! Let It Snow!""",Seal
"""Let It Be Christmas""",Alan Jackson
"""Leroy the Redneck Reindeer""",Joe Diffie
"""Last Christmas""",Wham!
"""Last Christmas""",Ashley Tisdale
"""Last Christmas""",Taylor Swift
"""Last Christmas""",Glee Cast featuring Lea Michele and Cory Monteith
"""Last Christmas""",Ariana Grande
"""Last Christmas""",Carly Rae Jepsen
"""Kissin' by the Mistletoe""",Aretha Franklin
"""Just Put a Ribbon in Your Hair""",Alan Jackson
"""Joy to the World""",Mannheim Steamroller
"""Jingo Jango""",Bert Kaempfert and his Orchestra
"""Jingle Bells""",Benny Goodman and his Orchestra
"""Jingle Bell Rock""",Bobby Helms
"""Jingle Bell Rock""",Chet Atkins
"""Jingle Bell Rock""",Bobby Rydell & Chubby Checker
"""Jingle Bell Rock""",Brenda Lee
"""Jingle Bell Rock""",Daryl Hall & John Oates
"""Jingle Bell Rock""",George Strait
"""Jingle Bell Rock""",Aaron Tippin
"""Jingle Bell Rock""",Newsboys
"""Jesu, Joy of Man's Desiring""",Josh Groban
"""It's the Most Wonderful Time of the Year""",Andy Williams
"""It's the Most Wonderful Time of the Year""",Johnny Mathis
"""It's the Most Wonderful Time of the Year""",Garth Brooks
"""It's the Most Wonderful Time of the Year""",BarlowGirl
"""It's the Most Wonderful Time of the Year""","Harry Connick, Jr."
"""It's So Close to Christmas (And I'm So Far From Home)""",The Bellamy Brothers
"""It's Just Another New Year's Eve""",Barry Manilow
"""It's Christmas""",Ronnie Milsap
"""It's Christmas Time All Over the World""","Sammy Davis, Jr."
"""It's Christmas (All Over the World)""",Sheena Easton
"""It's Beginning to Look a Lot Like Christmas""",Perry Como and The Fontane Sisters with Mitchell Ayres & His Orchestra
"""It's Beginning to Look a Lot Like Christmas""",Johnny Mathis
"""It's Beginning to Look a Lot Like Christmas""",Michael Bublé
"""It Wouldn't Be Christmas (Without You)""",John Tesh
"""It Won't Be the Same This Year""",Vince Gill
"""It Won't Be Christmas Without You""",Brooks & Dunn
"""It Wasn't His Child""",Sawyer Brown
"""It Must Have Been the Mistletoe""",Barbara Mandrell
"""It May Be Winter Outside (But in My Heart It's Spring)""",Felice Taylor
"""It Doesn't Have to Be That Way""",Jim Croce
"""It Came Upon a Midnight Clear""",Daryl Hall & John Oates
"""If We Make It Through December""",Merle Haggard
"""If Every Day Was Like Christmas""",Elvis Presley with The Jordanaires and The Imperials Quartet
"""I've Got My Love to Keep Me Warm""",Les Brown & His Orchestra
"""I'm Gonna Lasso Santa Claus""",Brenda Lee
"""I'm Gonna Be Warm This Winter""",Connie Francis
"""I'll Make Every Day Christmas (For My Woman)""",Joe Tex
"""I'll Be Home""",Meghan Trainor
"""I'll Be Home for Christmas""",Bing Crosby
"""I Yust Go Nuts at Christmas""",Yogi Yorgesson with the Johnny Duffy Trio
"""I Won't Be Home for Christmas""",Blink-182
"""I Wish It Could Be Christmas Everyday""",Wilson Phillips
"""I Wish Everyday Could Be Like Christmas""",Jon Bon Jovi
"""I Want Eddie Fisher for Christmas""",Betty Johnson
"""I Want a Hippopotamus for Christmas""",Gayla Peevey
"""I Saw Three Ships""",Sting
"""I Saw Mommy Kissing Santa Claus""",Jimmy Boyd
"""I Only Want You for Christmas""",Alan Jackson
"""I Heard the Bells on Christmas Day""",Bing Crosby
"""I Farted on Santa's Lap (Now Christmas Is Gonna Stink for Me)""",The Little Stinkers
"""I Don't Wanna Spend One More Christmas Without You""",'N Sync
"""I Don't Intend to Spend Christmas Without You""",Margo Guryan
"""I Believe in Father Christmas""",Greg Lake
"""Hurry Home for Christmas""",Robert Goulet
"""How Lovely Is Christmas""",Bing Crosby
"""Hooray for Santa Claus""",Al Hirt
"""Honky Tonk Christmas""",Alan Jackson
"""Home for Christmas""",Daryl Hall & John Oates
"""Holiday in Cambodia""",Richard Cheese
"""Holiday Hootenanny""",Paul & Paula
"""Hitch a Ride with Santa""",Jim Brickman with Charlie Alan
"""Hey Santa!""",Carnie and Wendy Wilson
"""Hey America""",James Brown
"""Here's Your Sign Christmas""",Bill Engvall
"""Here It Is Christmas/Baby, It's Cold Outside""",Kenny Rogers featuring Jennifer Nettles
"""Here Comes Santa Claus (Right Down Santa Claus Lane)""",Gene Autry
"""Hello, Mr. Kringle""",Kay Kyser and his Orchestra
"""Have Yourself a Merry Little Christmas""",Judy Garland
"""Hark! The Herald Angels Sing""",Carrie Underwood
"""Hard Candy Christmas""",Dolly Parton
"""Happy Xmas (War Is Over)""",John and Yoko and The Plastic Ono Band with the Harlem Community Choir
"""Happy New Year"" (2)",ABBA
"""Happy New Year"" (1)",Judy Garland
"""Happy Holiday/The Holiday Season""",Andy Williams
"""Happy Holiday""",Bing Crosby
"""Happy Christmas, Little Friend""",Rosemary Clooney
"""Happy Birthday, Jesus""",Patti Page
"""Hangin' Round the Mistletoe""",Brooks & Dunn
"""Grown-Up Christmas List""",David Foster featuring Natalie Cole
"""Green Chri$tma$""",Stan Freberg
"""Greatest Time of Year""",Aly & AJ
"""Grandma Got Run Over by a Reindeer""",Elmo & Patsy
"""Goin' Home (Sing a Song of Christmas Cheer)""",Bobby Sherman
"""God Rest Ye Merry, Gentlemen""",Garth Brooks
"""Go Tell It on the Mountain""","Peter, Paul & Mary"
"""Give Love on Christmas Day""",The Jackson 5
"""Ghost of My Christmas Past""",Robin Meade
"""Gee Whiz, It's Christmas""",Carla Thomas
"""Gabriel's Message""",Sting
"""Frosty the Snowman""",Gene Autry and the Cass County Boys
"""Footprints in the Snow""",Bill Monroe and his Blue Grass Boys
"""Feliz Navidad""",José Feliciano
"""Feliz Navidad""",Clay Walker
"""Feliz Navidad""",Jon Secada
"""Favorite Time of Year""",India Arie & Joe Sample featuring Tori Kelly
"""Father Christmas""",The Kinks
"""Far Away Blues (Xmas Blues)""",Johnny Otis Orchestra with Little Esther
"""Fall Softly Snow""",Jim Ed Brown and Helen Cornelius
"""Fa La La""",Jim Brickman featuring Olivia Jade Archbold
"""Everyday Will Be Like a Holiday""",William Bell
"""Every Year, Every Christmas""",Luther Vandross
"""Even Santa Claus Gets the Blues""",Marty Stuart
"""Elf's Lament""",Barenaked Ladies featuring Michael Bublé
"""Easier Said Than Done""",Jon Anderson
"""Early Christmas Morning""",Cyndi Lauper
"""Dreams of Fireflies (On a Christmas Night)""",Trans-Siberian Orchestra
"""Don't Shoot Me Santa""",The Killers
"""Don't Save It All for Christmas Day""",Celine Dion
"""Dominick the Donkey (The Italian Christmas Donkey)""",Lou Monte
"""Do You Hear What I Hear?""",Bing Crosby
"""Do They Know It's Christmas?""",Band Aid
"""Do They Know It's Christmas?""",Glee Cast
"""Ding Dong, Ding Dong""",George Harrison
"""Dig That Crazy Santa Claus""",Ralph Marterie & His Orchestra
"""Deck the Halls/The Twelve Days of Christmas""",Kenny G
"""Deck the Halls""",Nat King Cole
"""Deck the Halls""",Mannheim Steamroller
"""Deck the Halls""",SHeDAISY
"""Deck the Halls""",Brian Wilson
"""December Prayer""",Idina Menzel
"""Dearest Santa""",Bobby Vinton
"""Daddy's Drinking Up Our Christmas""",Commander Cody
"""Cozy Little Christmas""",Katy Perry
"""Coventry Carol""",Robert Shaw
"""Cool Yule""",Louis Armstrong with the Commanders
"""Coming Home for Christmas""",Jim Brickman
"""Colorado Christmas""",Nitty Gritty Dirt Band
"""Cold December Night""",Michael Bublé
"""Christmastime"" (2)",The Smashing Pumpkins
"""Christmastime"" (1)",Aimee Mann with Michael Penn
"""Christmas Wrapping""",The Waitresses
"""Christmas Won't Be the Same This Year""",The Jackson 5
"""Christmas Without You""",Kenny Rogers and Dolly Parton
"""Christmas with the Devil""",Spinal Tap
"""Christmas Will Be Just Another Lonely Day""",Brenda Lee
"""Christmas Where You Are""",Five for Fighting featuring Jim Brickman
"""Christmas Vacation""",Mavis Staples
"""Christmas Tree""",Lady Gaga featuring Space Cowboy
"""Christmas Tree Farm""",Taylor Swift
"""Christmas Tonight""",Dave Barnes with Hillary Scott
"""Christmas Time's A-Comin'""",Sammy Kershaw
"""Christmas Time"" (3)",Christina Aguilera
"""Christmas Time"" (2)",John Anderson
"""Christmas Time"" (1)",Bryan Adams
"""Christmas Time Is Here"" (2)","Ray Parker, Jr."
"""Christmas Time Is Here"" (1)",Vince Guaraldi Trio
"""Christmas Time (Is Here Again)""",The Beatles
"""Christmas Through Your Eyes""",Gloria Estefan
"""Christmas This Year""",Mêlée
"""Christmas Tears""",Freddy King
"""Christmas Spirits""",Julia Lee and Her Boy Friends
"""Christmas Spirit""",Richard Marx
"""Christmas Song""",Dave Matthews Band
"""Christmas Shopping""",Buck Owens and his Buckaroos
"""Christmas Saves The Year""",Twenty One Pilots
"""Christmas Rappin'""",Kurtis Blow
"""Christmas Party""","""Two Ton"" Baker the Merry Music Maker"
"""Christmas Night in Harlem""",Louis Armstrong with the Benny Carter Orchestra.
"""Christmas Must Be Tonight""",The Band
"""Christmas Memories""",Frank Sinatra
"""Christmas Medley"" (2)",The Salsoul Orchestra
"""Christmas Medley"" (1)",Liberace
"""Christmas Lullaby""",Cary Grant
"""Christmas Lights""",Coldplay
"""Christmas Kisses""",The Bookends
"""Christmas Island""",The Andrews Sisters with Guy Lombardo and His Royal Canadians
"""Christmas Is"" (2)",Jim Brickman featuring Mark Masri
"""Christmas Is"" (1)",Percy Faith
"""Christmas is the Time to Say 'I Love You'""",Billy Squier
"""Christmas Is Now Drawing Near at Hand""",Steve Winwood
"""Christmas Is Just Around the Corner""",Barry Manilow
"""Christmas Is Just a Song for Us This Year""",Louise Mandrell and R.C. Bannon
"""Christmas Is Going to the Dogs""",Eels
"""Christmas Is for Children""",Glen Campbell
"""Christmas in Your Arms""",Steve Wariner
"""Christmas in the City""",Elizabeth Chan
"""Christmas in the Caribbean""",Jimmy Buffett
"""Christmas in New Orleans""",Louis Armstrong with the Benny Carter Orchestra
"""Christmas in My Hometown""",Sonny James
"""Christmas in My Home Town""",Charley Pride
"""Christmas in Killarney""",Dennis Day
"""Christmas in Hollis""",Run-D.M.C.
"""Christmas in Dixie""",Alabama
"""Christmas in America""",Pat Benatar
"""Christmas Goose (Snowbird)""",Stan & Doug 'Yust Go Nuts at Christmas'
"""Christmas for Cowboys""",John Denver
"""Christmas Eve/Sarajevo 12/24""",Savatage
"""Christmas Eve""",Kelly Clarkson
"""Christmas Eve in My Hometown""",Bobby Vinton
"""Christmas Dreaming (A Little Early This Year)""",Frank Sinatra
"""Christmas Dream""",Perry Como
"""Christmas Dragnet (Parts I & II)""",Stan Freberg with Daws Butler
"""Christmas Dinner""",Tennessee Ernie Ford
"""Christmas Day""",Eddie Fisher
"""Christmas Cookies""",George Strait
"""Christmas Children""","David Collings, Richard Beaumont, & Karen Scargill"
"""Christmas Celebration""",B. B. King
"""Christmas Carols by the Old Corral""",Tex Ritter
"""Christmas Carol""",Skip Ewing
"""Christmas Canon""",Trans-Siberian Orchestra
"""Christmas Can't Be Very Far Away""",Amy Grant
"""Christmas Can't Be Far Away""",Eddy Arnold and his Guitar
"""Christmas C'mon""",Lindsey Stirling featuring Becky G
"""Christmas Blues""",Canned Heat
"""Christmas Auld Lang Syne""",Bobby Darin
"""Christmas at the Zoo""",The Flaming Lips
"""Christmas at K-Mart""",Root Boy Slim
"""Christmas at Ground Zero""","""Weird Al"" Yankovic"
"""Christmas Alphabet""",The McGuire Sisters
"""Christmas All Over Again""",Tom Petty and the Heartbreakers
"""Christmas Ain't Christmas (Without the One You Love)""",The O'Jays
"""Christmas (Comes But Once a Year)""",Amos Milburn
"""Christmas (Baby Please Come Home)""",Darlene Love
"""Christmas (Baby Please Come Home)""",U2
"""Christmas (Baby Please Come Home)""",Mariah Carey
"""Children, Go Where I Send Thee""",Kenny Rogers featuring Home Free
"""Children's Christmas Song""",The Supremes
"""Child of Winter""",The Beach Boys
"""Child of God""",Bobby Darin
"""Cherry Cherry Christmas""",Neil Diamond
"""Celebrate Me Home""",Kenny Loggins
"""Caroling, Caroling""",Nat King Cole
"""Carol of the Bells""",John Tesh
"""Candy Cane Christmas""",Darius Rucker
"""Candy Cane Children""",The White Stripes
"""Call Me Claus""",Garth Brooks
"""C-H-R-I-S-T-M-A-S""","Eddy Arnold, the Tennessee Plowboy and his Guitar"
"""Breath of Heaven (Mary's Song)""",Amy Grant
"""Boogie Woogie Santa Claus""",Mabel Scott
"""Blue Winter""",Connie Francis
"""Blue Lonely Winter""",Jimmy Newman
"""Blue Holiday""",The Shirelles
"""Blue December""",Hugo Winterhalter and his Orchestra
"""Blue Christmas""",Ernest Tubb
"""Blue Christmas""",Hugo Winterhalter and His Orchestra
"""Blue Christmas""",Russ Morgan and His Orchestra
"""Blue Christmas""",Elvis Presley
"""Blue Christmas""",The Browns featuring Jim Edward Brown
"""Blue Christmas""",Vince Gill
"""Blue Christmas""",Clay Walker
"""Blue Christmas""","Harry Connick, Jr."
"""Blue Christmas""",Elvis Presley with Martina McBride
"""Better Days""",Goo Goo Dolls
"""Belleau Wood""",Garth Brooks
"""Believe""",Josh Groban
"""Because It's Christmas (For All the Children)""",Barry Manilow
"""Barefoot Santa Claus""",Sonny James (The Southern Gentleman)
"""Back Door Santa""",Clarence Carter
"""Baby, It's Cold Outside""",Dinah Shore & Buddy Clark
"""Baby, It's Cold Outside""",Margaret Whiting & Johnny Mercer
"""Baby, It's Cold Outside""",Ella Fitzgerald & Louis Jordan & His Tympany Five
"""Baby, It's Cold Outside""",Don Cornell & Laura Leslie
"""Baby, It's Cold Outside""",Homer & Jethro with June Carter
"""Baby, It's Cold Outside""",Dean Martin
"""Baby, It's Cold Outside""",Ray Charles & Betty Carter
"""Baby, It's Cold Outside""",Lady Antebellum
"""Baby, It's Cold Outside""",Glee Cast featuring Chris Colfer and Darren Criss
"""Baby, It's Cold Outside""",Idina Menzel and Michael Buble
"""Baby's First Christmas""",Connie Francis
"""Baby Jesus Is Born""",Garth Brooks
"""Babes in Toyland/March of the Toys""",Tommy Dorsey Orchestra
"""Away in a Manger""",Reba McEntire
"""Away in a Manger""",Kenny Chesney
"""Away in a Manger""",Casting Crowns
"""Auld Lang Syne""",Peerless Quartet
"""Auld Lang Syne""",Guy Lombardo and His Royal Canadians
"""Auld Lang Syne""",Kenny G
"""At This Table""",Idina Menzel
"""Another Lonely Christmas""",Prince and The Revolution
"""Angels We Have Heard on High""",Sonicflood
"""Angels Among Us""",Alabama
"""An Old Christmas Card""",Jim Reeves
"""Amen""",The Impressions
"""Amen""",Lloyd Price and Erma Franklin
"""All My Love for Christmas""",Lonestar
"""All I Want for Christmas Is You"" (3)",Mariah Carey
"""All I Want for Christmas Is You"" (3)",Lady Antebellum
"""All I Want for Christmas Is You"" (3)",Newsboys
"""All I Want for Christmas Is You"" (3)",Justin Bieber with Mariah Carey
"""All I Want for Christmas Is You"" (3)",Michael Bublé
"""All I Want for Christmas Is You"" (2)",Vince Vance & The Valiants
"""All I Want for Christmas Is You"" (1)",Carla Thomas
"""All I Want for Christmas Is My Two Front Teeth""",Spike Jones and his City Slickers
"""All I Want for Christmas Is a Real Good Tan""",Kenny Chesney
"""All I Really Want for Christmas""",Steven Curtis Chapman
"""All Alone on Christmas""",Darlene Love
"""Adeste Fideles
(O Come, All Ye Faithful)""",Associated Glee Clubs of America
"""Adeste Fideles
(O Come, All Ye Faithful)""",Bing Crosby
"""A' Soalin'""","Peter, Paul and Mary"
"""A Swingin' Little Christmas""",Jane Lynch featuring Kate Flannery & Tim Davis with The Tony Guerrero Quintet
"""A Not So Merry Christmas""",Bobby Vee
"""A New York Christmas""",Rob Thomas
"""A Kiss for Christmas (O Tannenbaum)""",Joe Dowell
"""A Joyful Noise""",Jo Dee Messina
"""A Holly Jolly Christmas""",Burl Ives
"""A Holly Jolly Christmas""",Alan Jackson
"""A Holly Jolly Christmas""",Michael Bublé
"""A Holly Jolly Christmas""",Lady Antebellum
"""A Great Big Sled""",The Killers
"""A Christmas Wish""",Bobby Goldsboro
"""A Christmas Tribute""",Bob Luman
"""A Christmas Love""",Johnny Kaye with the Morty Jay Orchestra
"""A Christmas Festival (Part One)""","Leroy Anderson and His ""Pops"" Concert Orchestra"
"""A Baby Changes Everything""",Faith Hill
"""8 Days of Christmas""",Destiny's Child
"""25th of Last December""",Roberta Flack
"""2000 Miles""",The Pretenders
"""(There's No Place Like) Home for the Holidays""",Perry Como
"""(There's No Place Like) Home for the Holidays""",Garth Brooks
"""(There's No Place Like) Home for the Holidays""",Cyndi Lauper & Norah Jones
"""(It's Gonna Be a) Lonely Christmas""",The Orioles
"""(Everybody's Waitin' for) The Man with the Bag""",Kay Starr
"""(Don't Wait 'Till) The Night Before Christmas""",Eddy Duchin and his Orchestra
"""'Zat You, Santa Claus?""",Garth Brooks
"""'Twas the Night Before Christmas (A Visit from St. Nicholas)""",Fred Waring and His Pennsylvanians
"""'Twas the Night After Christmas""",Jeff Foxworthy
"""'Til Santa's Gone (Milk and Cookies)""",Clint Black